City_ID,City,Country,Date,Lat,Lng,Max Temp,Humidity,Cloudiness,Wind Speed
0,Laguna,US,2022-07-14 15:40:23,38.421,-121.4238,80.08,70,0,6.91
1,Tuktoyaktuk,CA,2022-07-14 15:43:58,69.4541,-133.0374,39.2,81,75,23.02
2,Buchanan,LR,2022-07-14 15:43:59,5.8808,-10.0467,76.6,85,100,10.65
3,Vaini,TO,2022-07-14 15:43:11,-21.2,-175.2,75.36,100,2,9.22
4,Tiksi,RU,2022-07-14 15:44:00,71.6872,128.8694,41.32,90,88,3.49
5,Jamestown,US,2022-07-14 15:42:58,42.097,-79.2353,75.02,61,0,9.22
6,Albany,US,2022-07-14 15:43:10,42.6001,-73.9662,78.26,62,6,1.01
7,Itarema,BR,2022-07-14 15:44:01,-2.9248,-39.9167,85.91,57,7,15.61
8,Karasjok,NO,2022-07-14 15:44:01,69.4719,25.5112,64.6,87,100,16.04
9,Iqaluit,CA,2022-07-14 15:44:01,63.7506,-68.5145,46.13,81,40,5.75
10,Half Moon Bay,US,2022-07-14 15:44:02,37.4636,-122.4286,70.83,83,100,6.91
11,Kapaa,US,2022-07-14 15:40:23,22.0752,-159.319,79.12,85,100,17.27
12,Ponta Do Sol,PT,2022-07-14 15:44:03,32.6667,-17.1,81.72,62,3,8.03
13,Hobart,AU,2022-07-14 15:44:03,-42.8794,147.3294,46.06,96,75,4.61
14,Coxim,BR,2022-07-14 15:44:04,-18.5067,-54.76,95.61,14,23,15.97
15,Sitka,US,2022-07-14 15:44:04,57.0531,-135.33,55.29,82,75,3.44
16,Butaritari,KI,2022-07-14 15:40:37,3.0707,172.7902,81.36,81,69,17.4
17,Thompson,CA,2022-07-14 15:44:05,55.7435,-97.8558,64.56,100,100,3.44
18,Hamilton,US,2022-07-14 15:39:13,39.1834,-84.5333,83.61,58,20,8.05
19,Riyadh,SA,2022-07-14 15:39:44,24.6877,46.7219,105.94,6,22,12.97
20,Victoria,HK,2022-07-14 15:44:06,22.2855,114.1577,87.19,81,99,5.01
21,Atuona,PF,2022-07-14 15:44:07,-9.8,-139.0333,77.54,68,27,17.13
22,Bushehr,IR,2022-07-14 15:44:07,28.9684,50.8385,93.29,66,0,9.22
23,Saint-Philippe,RE,2022-07-14 15:43:24,-21.3585,55.7679,71.19,80,67,12.28
24,Salobrena,ES,2022-07-14 15:44:08,36.7428,-3.5872,106.47,45,0,5.26
25,Grindavik,IS,2022-07-14 15:44:09,63.8424,-22.4338,52.27,71,75,8.05
26,Matay,EG,2022-07-14 15:44:09,28.419,30.7792,94.48,15,0,19.04
27,Isangel,VU,2022-07-14 15:44:10,-19.55,169.2667,75.31,100,100,2.3
28,Boca Do Acre,BR,2022-07-14 15:44:10,-8.7522,-67.3978,91.24,47,74,4.03
29,Uvarovka,RU,2022-07-14 15:44:10,55.5278,35.6061,62.71,69,78,6.2
30,East London,ZA,2022-07-14 15:41:44,-33.0153,27.9116,63.54,63,0,13.8
31,Mananara,MG,2022-07-14 15:44:11,-16.1667,49.7667,66.74,91,16,5.26
32,Berdigestyakh,RU,2022-07-14 15:44:12,62.0989,126.6992,59.9,99,39,3.94
33,Boras,SE,2022-07-14 15:44:12,57.721,12.9401,62.83,83,96,11.41
34,Port Hawkesbury,CA,2022-07-14 15:44:13,45.6169,-61.3485,74.88,74,0,5.75
35,Punta Arenas,CL,2022-07-14 15:44:14,-53.15,-70.9167,35.71,87,75,4.61
36,Flagstaff,US,2022-07-14 15:43:26,35.1981,-111.6513,80.31,53,0,4.61
37,Port Elizabeth,ZA,2022-07-14 15:44:14,-33.918,25.5701,59.29,77,0,18.41
38,Rikitea,PF,2022-07-14 15:44:15,-23.1203,-134.9692,65.77,88,100,6.62
39,Saldanha,ZA,2022-07-14 15:44:15,-33.0117,17.9442,59.05,86,6,8.63
40,Saskylakh,RU,2022-07-14 15:44:16,71.9167,114.0833,41.79,93,100,8.03
41,Hermanus,ZA,2022-07-14 15:44:17,-34.4187,19.2345,58.8,80,35,3.74
42,Tukrah,LY,2022-07-14 15:44:17,32.5341,20.5791,79.32,52,0,14.23
43,Torbay,CA,2022-07-14 15:44:17,47.6666,-52.7314,77.88,57,40,10.36
44,Bonthe,SL,2022-07-14 15:44:18,7.5264,-12.505,80.24,77,94,12.06
45,Bluff,NZ,2022-07-14 15:44:18,-46.6,168.3333,35.8,87,100,10.42
46,Belance,PH,2022-07-14 15:44:18,16.1833,121.25,69.19,96,100,0.6
47,Bardiyah,LY,2022-07-14 15:44:19,31.7561,25.0865,78.8,51,0,21.14
48,Hollola,FI,2022-07-14 15:45:20,61.05,25.4333,64.58,54,99,11.14
49,Lebu,CL,2022-07-14 15:41:08,-37.6167,-73.65,45.12,81,99,10.96
50,Chuy,UY,2022-07-14 15:45:20,-33.6971,-53.4616,61.68,79,75,11.43
51,Kharan,PK,2022-07-14 15:45:21,28.5833,65.4167,92.07,38,38,9.37
52,Port Alfred,ZA,2022-07-14 15:45:22,-33.5906,26.891,59.18,67,60,5.99
53,Qaanaaq,GL,2022-07-14 15:45:23,77.484,-69.3632,44.29,83,99,5.57
54,Cidreira,BR,2022-07-14 15:41:58,-30.1811,-50.2056,58.59,98,100,11.72
55,Arraial Do Cabo,BR,2022-07-14 15:43:08,-22.9661,-42.0278,78.76,73,40,14.97
56,Faanui,PF,2022-07-14 15:45:24,-16.4833,-151.75,77.36,74,45,25.05
57,Tasiilaq,GL,2022-07-14 15:45:25,65.6145,-37.6368,46.56,70,42,5.64
58,Georgetown,MY,2022-07-14 15:45:10,5.4112,100.3354,82.89,90,20,0.0
59,Mar Del Plata,AR,2022-07-14 15:45:25,-38.0023,-57.5575,51.94,88,100,17.0
60,Cabo San Lucas,MX,2022-07-14 15:45:26,22.8909,-109.9124,91.71,45,20,4.61
61,Castro,BR,2022-07-14 15:45:26,-24.7911,-50.0119,70.43,55,94,13.51
62,Yaan,NG,2022-07-14 15:45:27,7.3833,8.5667,80.49,78,61,7.18
63,Sibolga,ID,2022-07-14 15:45:27,1.7427,98.7792,78.78,91,99,1.66
64,Kodiak,US,2022-07-14 15:45:30,57.79,-152.4072,54.91,88,100,3.44
65,Fare,PF,2022-07-14 15:45:31,-16.7,-151.0167,77.13,71,39,23.87
66,Truckee,US,2022-07-14 15:42:34,39.328,-120.1833,75.78,33,0,3.0
67,Mnogovershinnyy,RU,2022-07-14 15:45:31,53.9353,139.9242,56.88,91,96,1.95
68,Ushuaia,AR,2022-07-14 15:41:24,-54.8,-68.3,31.62,80,20,3.44
69,Mahebourg,MU,2022-07-14 15:45:31,-20.4081,57.7,70.25,73,75,11.5
70,Qui Nhon,VN,2022-07-14 15:45:32,13.7667,109.2333,80.64,87,97,5.77
71,Yulara,AU,2022-07-14 15:45:33,-25.2406,130.9889,46.6,42,4,9.48
72,Hami,CN,2022-07-14 15:45:33,42.8,93.45,83.1,19,43,13.24
73,Nanortalik,GL,2022-07-14 15:41:43,60.1432,-45.2371,48.56,77,100,11.54
74,Sharlyk,RU,2022-07-14 15:45:34,52.9167,54.75,75.09,65,93,3.98
75,Busselton,AU,2022-07-14 15:45:35,-33.65,115.3333,59.63,73,83,20.85
76,Rocha,UY,2022-07-14 15:44:27,-34.4833,-54.3333,61.23,78,68,12.66
77,Raudeberg,NO,2022-07-14 15:45:35,61.9875,5.1352,55.96,73,95,7.36
78,Kemijarvi,FI,2022-07-14 15:45:36,66.7131,27.4306,65.14,79,100,5.88
79,Voyvozh,RU,2022-07-14 15:45:36,62.892,54.9635,64.11,95,94,1.72
80,Puerto Ayora,EC,2022-07-14 15:45:37,-0.7393,-90.3518,76.96,91,89,8.99
81,Hirara,JP,2022-07-14 15:40:58,24.8,125.2833,84.72,85,95,15.57
82,Pevek,RU,2022-07-14 15:45:38,69.7008,170.3133,33.71,85,7,13.29
83,Hithadhoo,MV,2022-07-14 15:45:38,-0.6,73.0833,83.62,74,100,15.19
84,Anloga,GH,2022-07-14 15:45:38,5.7947,0.8973,77.23,83,79,14.94
85,Nikolskoye,RU,2022-07-14 15:45:39,59.7035,30.7861,66.87,88,74,6.62
86,Sawtell,AU,2022-07-14 15:45:40,-30.3833,153.1,53.62,71,14,9.22
87,Cherskiy,RU,2022-07-14 15:45:41,68.75,161.3,36.48,79,26,8.7
88,Vestmannaeyjar,IS,2022-07-14 15:45:41,63.4427,-20.2734,52.79,76,20,11.5
89,Airai,TL,2022-07-14 15:45:41,-8.9266,125.4092,54.36,89,51,2.71
90,Okhotsk,RU,2022-07-14 15:41:46,59.3833,143.3,57.76,98,82,3.4
91,Coquimbo,CL,2022-07-14 15:43:21,-29.9533,-71.3436,55.13,87,75,2.3
92,Bengkulu,ID,2022-07-14 15:45:40,-3.8004,102.2655,76.91,93,99,5.39
93,Onega,RU,2022-07-14 15:45:43,63.9061,38.1404,68.32,58,72,4.56
94,Mataura,NZ,2022-07-14 15:46:44,-46.1927,168.8643,35.47,98,97,1.7
95,Codrington,AU,2022-07-14 15:46:45,-38.2667,141.9667,43.86,97,23,8.75
96,Aguimes,ES,2022-07-14 15:46:45,27.9054,-15.4461,75.83,57,20,29.93
97,Nampa,US,2022-07-14 15:42:31,43.5407,-116.5635,83.35,42,0,5.75
98,Barrow,US,2022-07-14 15:46:46,71.2906,-156.7887,33.82,80,100,8.05
99,Santa Rosa,PH,2022-07-14 15:46:46,14.3122,121.1114,83.1,88,73,1.39
100,Upernavik,GL,2022-07-14 15:46:47,72.7868,-56.1549,39.6,86,31,13.0
101,Lorengau,PG,2022-07-14 15:46:47,-2.0226,147.2712,81.41,75,100,3.0
102,Yellowknife,CA,2022-07-14 15:46:49,62.456,-114.3525,57.72,94,75,3.44
103,Huarmey,PE,2022-07-14 15:46:49,-10.0681,-78.1522,65.84,70,18,10.42
104,Vokhma,RU,2022-07-14 15:46:50,58.9303,46.7586,68.11,85,96,5.86
105,Narsaq,GL,2022-07-14 15:46:51,60.9167,-46.05,59.22,78,100,9.93
106,Asau,RO,2022-07-14 15:46:51,46.4333,26.4,81.52,58,71,1.05
107,Lata,PT,2022-07-14 15:45:11,40.1629,-8.3327,93.49,39,67,9.6
108,Maralal,KE,2022-07-14 15:46:51,1.0968,36.698,67.37,44,88,7.27
109,Dikson,RU,2022-07-14 15:46:52,73.5069,80.5464,42.28,75,9,12.39
110,San Patricio,US,2022-07-14 15:46:52,28.017,-97.5169,91.27,45,2,8.59
111,Khatanga,RU,2022-07-14 15:46:53,71.9667,102.5,42.6,91,100,4.7
112,Orangeburg,US,2022-07-14 15:46:53,33.4918,-80.8557,78.64,83,40,8.05
113,Lompoc,US,2022-07-14 15:46:54,34.6391,-120.4579,61.92,83,100,4.61
114,Santa Maria,BR,2022-07-14 15:43:28,-29.6842,-53.8069,54.7,100,75,8.05
115,Qaqortoq,GL,2022-07-14 15:44:23,60.7167,-46.0333,49.24,75,100,9.82
116,Yar-Sale,RU,2022-07-14 15:46:46,66.8333,70.8333,56.88,63,100,11.1
117,Hasaki,JP,2022-07-14 15:43:16,35.7333,140.8333,73.8,92,100,9.57
118,New Norfolk,AU,2022-07-14 15:46:56,-42.7826,147.0587,45.72,90,41,2.33
119,Avarua,CK,2022-07-14 15:46:56,-21.2078,-159.775,73.45,68,100,6.91
120,Linhares,BR,2022-07-14 15:46:16,-19.3911,-40.0722,78.06,63,61,7.34
121,Flinders,AU,2022-07-14 15:46:18,-34.5833,150.8552,50.18,70,21,7.0
122,Vagay,RU,2022-07-14 15:46:59,57.9375,69.0217,65.71,94,63,2.73
123,Boende,CD,2022-07-14 15:46:59,-0.2167,20.8667,85.33,51,66,4.97
124,Port Hedland,AU,2022-07-14 15:47:00,-20.3167,118.5667,55.45,88,82,5.75
125,San Buenaventura,MX,2022-07-14 15:47:00,27.0833,-101.5333,87.48,39,0,6.91
126,Melilla,ES,2022-07-14 15:47:01,35.2937,-2.9383,88.0,74,0,6.91
127,Monterey,US,2022-07-14 15:47:03,36.2505,-121.2516,85.17,34,1,3.85
128,Bathsheba,BB,2022-07-14 15:47:03,13.2167,-59.5167,87.04,80,75,16.11
129,Port Macquarie,AU,2022-07-14 15:47:04,-31.4333,152.9167,50.9,85,57,12.8
130,West Wendover,US,2022-07-14 15:47:04,40.7391,-114.0733,78.01,44,0,0.0
131,Kaitangata,NZ,2022-07-14 15:47:05,-46.2817,169.8464,38.59,94,95,6.49
132,Tadine,NC,2022-07-14 15:47:06,-21.55,167.8833,69.69,76,100,4.38
133,Saint-Jean-Port-Joli,CA,2022-07-14 15:47:07,47.2171,-70.2658,67.6,91,100,7.34
134,Faya,SA,2022-07-14 15:45:07,18.3851,42.4509,75.31,58,86,6.44
135,Ostrovnoy,RU,2022-07-14 15:47:08,68.0531,39.5131,64.98,87,96,4.97
136,Alugan,PH,2022-07-14 15:48:09,12.2188,125.4808,80.82,82,95,4.74
137,Kahului,US,2022-07-14 15:46:37,20.8947,-156.47,77.85,79,0,14.97
138,Grand Gaube,MU,2022-07-14 15:48:10,-20.0064,57.6608,70.38,70,43,5.99
139,Namibe,AO,2022-07-14 15:48:11,-15.1961,12.1522,66.45,84,19,11.54
140,Bambous Virieux,MU,2022-07-14 15:48:12,-20.3428,57.7575,70.21,73,75,11.5
141,Bethel,US,2022-07-14 15:48:13,41.3712,-73.414,83.73,67,75,4.61
142,Jamame,SO,2022-07-14 15:48:14,0.0722,42.7506,75.43,87,41,13.49
143,Svetlyy,RU,2022-07-14 15:48:15,54.675,20.1347,66.96,65,99,15.37
144,Sao Filipe,CV,2022-07-14 15:48:15,14.8961,-24.4956,76.46,72,16,14.81
145,Abong Mbang,CM,2022-07-14 15:48:15,3.9833,13.1833,75.15,92,38,2.08
146,Bilma,NE,2022-07-14 15:48:16,18.6853,12.9164,106.07,10,11,6.76
147,Meulaboh,ID,2022-07-14 15:48:17,4.1363,96.1285,78.57,88,29,6.17
148,Vaitape,PF,2022-07-14 15:48:17,-16.5167,-151.75,77.29,74,48,25.08
149,Kabwe,ZM,2022-07-14 15:48:18,-14.4469,28.4464,65.61,41,73,5.61
150,Chokurdakh,RU,2022-07-14 15:48:19,70.6333,147.9167,43.25,64,27,7.47
151,Esperance,AU,2022-07-14 15:48:20,-33.8667,121.9,60.19,86,71,15.32
152,Billings,US,2022-07-14 15:46:05,45.7833,-108.5007,81.52,49,20,10.0
153,Sao Joao Da Barra,BR,2022-07-14 15:44:16,-21.6403,-41.0511,78.89,71,2,10.13
154,Inhambane,MZ,2022-07-14 15:48:22,-23.865,35.3833,71.58,60,0,3.44
155,Fairbanks,US,2022-07-14 15:48:22,64.8378,-147.7164,59.22,64,40,5.75
156,Tawang,IN,2022-07-14 15:48:24,27.5833,91.8667,55.96,91,24,3.62
157,Ginda,IN,2022-07-14 15:48:24,30.6945,78.4932,66.7,91,100,2.84
158,Progreso,MX,2022-07-14 15:48:12,21.2833,-89.6667,87.12,55,100,8.93
159,Pouebo,NC,2022-07-14 15:48:25,-20.4,164.5667,67.06,69,40,7.61
160,Lufilufi,WS,2022-07-14 15:48:26,-13.8745,-171.5986,71.38,73,76,23.64
161,Sobolevo,RU,2022-07-14 15:48:26,54.4299,31.8996,63.39,86,52,10.22
162,Saint George,US,2022-07-14 15:47:39,37.1041,-113.5841,94.62,28,0,4.61
163,La Ronge,CA,2022-07-14 15:48:26,55.1001,-105.2842,68.25,40,20,10.36
164,Sistranda,NO,2022-07-14 15:48:27,63.7256,8.834,53.56,73,81,24.34
165,Quesnel,CA,2022-07-14 15:46:54,52.9999,-122.5029,55.9,88,40,4.61
166,Konakovo,RU,2022-07-14 15:48:29,56.7,36.7667,65.52,75,89,3.18
167,Kloulklubed,PW,2022-07-14 15:48:29,7.0419,134.2556,73.9,76,99,6.82
168,Cape Town,ZA,2022-07-14 15:47:00,-33.9258,18.4232,62.11,75,75,5.75
169,Hofn,IS,2022-07-14 15:46:09,64.2539,-15.2082,60.82,44,20,25.32
170,Aja,EG,2022-07-14 15:48:31,30.9415,31.2915,82.08,44,0,15.32
171,Mount Isa,AU,2022-07-14 15:48:31,-20.7333,139.5,51.57,35,15,8.05
172,Kutum,SD,2022-07-14 15:48:31,14.2,24.6667,84.52,38,84,9.55
173,Kununurra,AU,2022-07-14 15:44:40,-15.7667,128.7333,53.58,54,59,4.61
174,Rawson,AR,2022-07-14 15:48:33,-43.3002,-65.1023,47.35,56,100,14.56
175,Kamennogorsk,RU,2022-07-14 15:48:33,60.9545,29.1339,60.3,61,71,9.46
176,Viedma,AR,2022-07-14 15:48:34,-40.8135,-62.9967,51.98,63,100,19.95
177,Bisho,ZA,2022-07-14 15:48:35,-32.8472,27.4422,57.83,80,93,7.4
178,Manokwari,ID,2022-07-14 15:48:35,-0.8667,134.0833,77.7,82,63,3.29
179,Eydhafushi,MV,2022-07-14 15:48:36,5.1033,73.0708,83.34,77,42,15.68
180,Severo-Kurilsk,RU,2022-07-14 15:48:37,50.6789,156.125,52.34,97,84,7.43
181,Burgeo,CA,2022-07-14 15:48:37,47.6167,-57.6152,66.27,66,42,8.63
182,Roma,US,2022-07-14 15:48:03,43.2128,-75.4557,75.96,64,20,8.99
183,Erenhot,CN,2022-07-14 15:49:39,43.6475,111.9767,79.5,21,59,4.56
184,Taoudenni,ML,2022-07-14 15:49:40,22.6783,-3.9836,116.19,6,43,11.88
185,Waipawa,NZ,2022-07-14 15:49:41,-41.4122,175.5153,45.36,75,100,9.08
186,Salalah,OM,2022-07-14 15:49:41,17.0151,54.0924,78.89,94,75,8.05
187,Takaka,NZ,2022-07-14 15:49:42,-40.85,172.8,49.55,87,100,2.01
188,Bandarbeyla,SO,2022-07-14 15:49:42,9.4942,50.8122,78.76,79,79,32.91
189,Bredasdorp,ZA,2022-07-14 15:48:52,-34.5322,20.0403,53.58,80,71,5.7
190,Lebork,PL,2022-07-14 15:49:43,54.5392,17.7501,65.75,61,99,13.89
191,Payo,ID,2022-07-14 15:45:40,-3.7508,103.6372,73.36,99,50,2.86
192,Biak,ID,2022-07-14 15:49:44,-0.9131,122.8766,74.35,92,100,5.66
193,Rodrigues Alves,BR,2022-07-14 15:49:44,-7.738,-72.6509,82.6,52,76,3.85
194,Eureka,US,2022-07-14 15:49:45,40.8021,-124.1637,57.2,86,97,4.0
195,Port Hardy,CA,2022-07-14 15:45:22,50.6996,-127.4199,53.78,94,100,3.44
196,Ambon,ID,2022-07-14 15:49:45,-3.6954,128.1814,78.24,14,75,3.44
197,Goderich,CA,2022-07-14 15:46:22,43.7501,-81.7165,68.92,77,2,5.75
198,Kingsville,US,2022-07-14 15:49:47,27.5159,-97.8561,90.84,63,40,6.91
199,Touros,BR,2022-07-14 15:49:47,-5.1989,-35.4608,80.01,78,40,16.8
200,Agnibilekrou,CI,2022-07-14 15:49:48,7.1344,-3.2047,77.02,94,88,3.0
201,Urucara,BR,2022-07-14 15:49:48,-2.5364,-57.76,93.02,44,35,4.81
202,Ashta,IN,2022-07-14 15:49:49,23.0167,76.7167,76.77,93,100,11.18
203,Malakal,SS,2022-07-14 15:49:49,9.5334,31.6605,77.9,75,100,1.61
204,Brae,GB,2022-07-14 15:49:35,60.3964,-1.353,54.23,77,94,12.75
205,Juneau,US,2022-07-14 15:45:05,58.3019,-134.4197,55.22,93,75,0.0
206,Lukiv,UA,2022-07-14 15:49:50,51.0521,25.4006,72.75,60,93,10.42
207,San Jose,US,2022-07-14 15:46:52,37.3394,-121.895,71.82,75,20,3.44
208,Kronshtadt,RU,2022-07-14 15:49:51,59.9936,29.7736,66.13,84,95,12.55
209,Ribeira Grande,PT,2022-07-14 15:49:51,38.5167,-28.7,77.4,73,40,4.61
210,Skovorodino,RU,2022-07-14 15:49:54,53.9833,123.9167,61.43,95,82,2.39
211,San Cristobal,VE,2022-07-14 15:49:55,7.7669,-72.225,80.78,37,31,6.51
212,Oriximina,BR,2022-07-14 15:49:55,-1.7656,-55.8661,89.74,52,20,5.93
213,Charters Towers,AU,2022-07-14 15:49:55,-20.1,146.2667,46.71,58,10,8.88
214,Saraland,US,2022-07-14 15:49:56,30.8207,-88.0706,87.82,79,100,3.0
215,Geraldton,AU,2022-07-14 15:49:58,-28.7667,114.6,63.01,77,75,8.05
216,Severodvinsk,RU,2022-07-14 15:49:59,64.5635,39.8302,73.51,67,93,3.38
217,Guaruja,BR,2022-07-14 15:49:59,-23.9931,-46.2564,76.89,26,75,5.75
218,Alice Springs,AU,2022-07-14 15:50:00,-23.7,133.8833,33.35,69,16,0.0
219,Gat,IL,2022-07-14 15:47:02,31.61,34.7642,85.41,4,0,10.0
220,Natal,BR,2022-07-14 15:50:00,-5.795,-35.2094,88.02,58,75,16.11
221,Takhtamygda,RU,2022-07-14 15:50:01,54.1,123.5667,61.09,97,95,3.38
222,Nouadhibou,MR,2022-07-14 15:46:03,20.931,-17.0347,71.58,78,21,20.71
223,Makakilo City,US,2022-07-14 15:50:02,21.3469,-158.0858,77.32,71,20,13.8
224,Sumare,BR,2022-07-14 15:50:03,-22.8374,-47.252,82.53,33,16,10.94
225,Grants,US,2022-07-14 15:50:04,35.1473,-107.8514,71.83,49,68,0.0
226,Stara Synyava,UA,2022-07-14 15:50:04,49.6032,27.6191,75.45,58,30,5.23
227,Savinka,RU,2022-07-14 15:50:05,50.0785,47.0994,74.53,66,82,10.67
228,Sangamner,IN,2022-07-14 15:50:06,19.5667,74.2167,74.03,89,100,7.78
229,Bambanglipuro,ID,2022-07-14 15:50:07,-7.95,110.2833,76.55,90,95,7.49
230,Evensk,RU,2022-07-14 15:51:07,61.95,159.2333,62.28,71,19,11.86
231,Carnarvon,AU,2022-07-14 15:48:46,-24.8667,113.6333,67.93,82,6,10.67
232,Hilo,US,2022-07-14 15:50:23,19.7297,-155.09,73.62,91,100,4.61
233,Haines Junction,CA,2022-07-14 15:51:11,60.7522,-137.5108,48.15,81,72,2.3
234,Sabinas,MX,2022-07-14 15:51:11,27.85,-101.1167,87.6,51,5,7.49
235,Monclova,MX,2022-07-14 15:49:45,26.9,-101.4167,88.05,49,16,3.0
236,Ola,RU,2022-07-14 15:51:14,59.5833,151.2833,56.5,92,50,2.08
237,Marienburg,PL,2022-07-14 15:51:14,54.0359,19.0266,69.89,52,97,13.6
238,Souillac,MU,2022-07-14 15:51:15,-20.5167,57.5167,70.18,73,75,11.5
239,Balkhash,KZ,2022-07-14 15:51:15,46.844,74.9804,76.01,33,0,2.73
240,Nipawin,CA,2022-07-14 15:51:16,53.3668,-104.0009,68.04,64,0,9.22
241,Tura,IN,2022-07-14 15:51:17,25.5198,90.2201,78.39,86,2,2.13
242,Dharchula,IN,2022-07-14 15:51:17,29.85,80.5333,72.45,92,100,4.61
243,Saint-Joseph,RE,2022-07-14 15:51:20,-21.3667,55.6167,70.18,79,56,10.27
244,Khargone,IN,2022-07-14 15:51:21,21.8167,75.6,79.65,85,100,10.56
245,Houma,US,2022-07-14 15:51:21,29.5958,-90.7195,90.0,76,94,5.99
246,Shunyi,CN,2022-07-14 15:51:22,40.125,116.6453,78.75,69,0,6.71
247,Pedernales,DO,2022-07-14 15:48:50,18.0384,-71.744,84.7,64,83,8.77
248,Weligama,LK,2022-07-14 15:51:23,5.9667,80.4167,77.43,89,29,10.27
249,Poum,NC,2022-07-14 15:48:53,-20.2333,164.0167,72.84,56,10,20.04
250,Hambantota,LK,2022-07-14 15:51:24,6.1241,81.1185,80.94,89,40,8.05
251,Webster,US,2022-07-14 15:49:01,42.0501,-71.8801,83.7,75,2,6.17
252,Berbera,SO,2022-07-14 15:51:26,10.4396,45.0143,95.07,36,100,24.94
253,Lima,PE,2022-07-14 15:46:27,-12.0432,-77.0282,59.25,77,100,8.05
254,Thinadhoo,MV,2022-07-14 15:47:40,0.5333,72.9333,83.44,73,58,12.66
255,Tuzha,RU,2022-07-14 15:51:28,57.6062,47.936,67.24,94,100,5.93
256,Letterkenny,IE,2022-07-14 15:51:29,54.95,-7.7333,64.29,71,97,12.06
257,Itapora,BR,2022-07-14 15:51:29,-22.0799,-54.7874,89.92,22,40,17.29
258,Howard Springs,AU,2022-07-14 15:51:30,-12.497,131.047,64.31,83,27,10.98
259,Buala,SB,2022-07-14 15:51:30,-8.145,159.5921,77.07,78,89,3.89
260,Karratha,AU,2022-07-14 15:51:31,-20.7377,116.8463,66.02,60,18,5.79
261,Ust-Nera,RU,2022-07-14 15:51:32,64.5667,143.2,61.9,84,92,4.23
262,Leningradskiy,RU,2022-07-14 15:51:32,69.3833,178.4167,33.69,83,100,10.27
263,Pathein,MM,2022-07-14 15:51:33,16.7833,94.7333,76.26,96,100,5.06
264,Bolshaya Rechka,RU,2022-07-14 15:51:33,51.9503,104.7355,57.47,95,100,3.74
265,Zhuhai,CN,2022-07-14 15:51:35,22.2769,113.5678,87.85,89,20,11.5
266,Aldama,MX,2022-07-14 15:51:36,22.9167,-98.0667,88.38,55,23,6.29
267,Saint-Francois,FR,2022-07-14 15:51:37,46.4154,3.9054,92.64,27,0,10.36
268,Jiuquan,CN,2022-07-14 15:51:37,39.7432,98.5174,69.19,56,100,8.19
269,Port Lincoln,AU,2022-07-14 15:49:41,-34.7333,135.8667,50.86,73,40,11.79
270,Paso De Los Toros,UY,2022-07-14 15:51:38,-32.8167,-56.5167,61.34,81,34,13.8
271,Puerto Del Rosario,ES,2022-07-14 15:51:39,28.5004,-13.8627,76.75,73,0,19.57
272,Abaza,RU,2022-07-14 15:51:40,52.655,90.0928,52.61,67,82,3.91
273,Aguazul,CO,2022-07-14 15:51:41,5.1728,-72.5471,83.32,69,47,4.63
274,Sorland,NO,2022-07-14 15:47:26,67.667,12.6934,53.46,90,100,13.06
275,Sambava,MG,2022-07-14 15:51:41,-14.2667,50.1667,72.14,77,33,14.85
276,Verkhnyaya Inta,RU,2022-07-14 15:52:42,65.9811,60.3094,76.35,68,53,9.01
277,Tatawin,TN,2022-07-14 15:52:43,32.9297,10.4518,90.79,24,0,18.57
278,Mitu,CO,2022-07-14 15:52:44,1.1983,-70.1733,79.34,75,94,1.66
279,Pont-Audemer,FR,2022-07-14 15:52:44,49.35,0.5167,82.74,58,32,14.45
280,Bilibino,RU,2022-07-14 15:52:45,68.0546,166.4372,42.93,74,10,5.59
281,Saint-Pierre,RE,2022-07-14 15:52:45,-21.3393,55.4781,71.28,76,75,5.75
282,Olafsvik,IS,2022-07-14 15:52:46,64.8945,-23.7142,50.81,73,24,3.11
283,Atar,MR,2022-07-14 15:52:46,20.5169,-13.0499,107.74,17,20,9.69
284,Inhapi,BR,2022-07-14 15:52:47,-9.2214,-37.7486,78.35,59,28,11.52
285,Manger,NO,2022-07-14 15:52:48,60.6414,5.0414,57.04,68,97,17.45
286,Moindou,NC,2022-07-14 15:52:49,-21.6924,165.677,68.25,70,22,13.13
287,Nador,MA,2022-07-14 15:48:34,35.174,-2.9287,87.87,74,0,6.91
288,Clyde River,CA,2022-07-14 15:52:50,70.4692,-68.5914,44.83,76,0,8.05
289,Warrington,GB,2022-07-14 15:52:50,53.3925,-2.5802,68.45,59,40,16.11
290,Mandalgovi,MN,2022-07-14 15:52:51,45.7625,106.2708,72.57,36,100,5.01
291,Gizo,SB,2022-07-14 15:52:51,-8.103,156.8419,81.3,74,59,7.58
292,Dudinka,RU,2022-07-14 15:52:53,69.4058,86.1778,58.62,65,99,9.82
293,Thohoyandou,ZA,2022-07-14 15:52:54,-22.9456,30.485,67.1,25,0,2.75
294,Rutul,RU,2022-07-14 15:52:55,41.5357,47.4239,69.1,68,1,2.1
295,Hay River,CA,2022-07-14 15:52:56,60.8156,-115.7999,62.58,63,75,13.8
296,Miles City,US,2022-07-14 15:52:56,46.4083,-105.8406,81.57,41,0,17.27
297,Russell,US,2022-07-14 15:52:56,32.3502,-85.1999,79.88,74,100,0.6
298,Paignton,GB,2022-07-14 15:52:58,50.4357,-3.5679,76.53,49,22,8.01
299,Norden,DE,2022-07-14 15:52:58,53.6,7.2,63.95,70,84,17.09
300,Batemans Bay,AU,2022-07-14 15:53:00,-35.7167,150.1833,41.13,86,4,5.35
301,Brigham City,US,2022-07-14 15:53:00,41.5102,-112.0155,86.54,29,0,7.0
302,Port-Gentil,GA,2022-07-14 15:53:01,-0.7193,8.7815,78.76,73,20,13.8
303,Ilulissat,GL,2022-07-14 15:53:01,69.2167,-51.1,44.2,53,5,8.37
304,Coahuayana,MX,2022-07-14 15:53:01,18.7333,-103.6833,86.5,69,93,1.7
305,Astorga,BR,2022-07-14 15:53:02,-23.2325,-51.6656,75.43,42,30,16.22
306,Mamallapuram,IN,2022-07-14 15:53:03,12.6264,80.1722,89.06,53,95,19.13
307,Provideniya,RU,2022-07-14 15:53:04,64.3833,-173.3,51.58,61,100,6.13
308,Kalmunai,LK,2022-07-14 15:53:04,7.4167,81.8167,83.64,57,53,10.67
309,Kilindoni,TZ,2022-07-14 15:53:05,-7.9139,39.6668,76.28,78,76,12.33
310,Constitucion,CL,2022-07-14 15:53:05,-35.3333,-72.4167,46.53,80,96,9.13
311,Tuatapere,NZ,2022-07-14 15:53:06,-46.1333,167.6833,40.35,94,96,2.82
312,Acarau,BR,2022-07-14 15:49:52,-2.8856,-40.12,86.02,57,8,15.61
313,Chiriguana,CO,2022-07-14 15:53:07,9.3624,-73.6031,90.32,55,43,4.68
314,Sao Benedito Do Rio Preto,BR,2022-07-14 15:53:07,-3.3336,-43.5283,91.06,44,45,5.79
315,Amursk,RU,2022-07-14 15:53:08,50.2261,136.8994,65.77,98,70,7.81
316,Gravdal,NO,2022-07-14 15:53:08,68.1214,13.5031,50.41,91,100,4.43
317,Oyem,GA,2022-07-14 15:53:09,1.5995,11.5793,78.58,63,44,2.3
318,Lexington,US,2022-07-14 15:48:15,37.9887,-84.4777,84.69,57,0,4.61
319,Paamiut,GL,2022-07-14 15:53:09,61.994,-49.6678,45.18,82,100,4.41
320,El Porvenir,HN,2022-07-14 15:53:10,13.7617,-87.3458,74.53,56,100,4.34
321,Udachnyy,RU,2022-07-14 15:53:10,66.4167,112.4,55.45,71,100,7.47
322,Vanimo,PG,2022-07-14 15:51:49,-2.6741,141.3028,77.09,87,88,1.23
323,Calafell,ES,2022-07-14 15:53:11,41.2,1.5683,97.25,47,0,8.79
324,Westport,US,2022-07-14 15:52:55,41.1415,-73.3579,85.91,59,9,1.99
325,Abrau-Dyurso,RU,2022-07-14 15:54:14,44.69,37.59,74.66,60,0,9.28
326,Mehamn,NO,2022-07-14 15:51:44,71.0357,27.8492,60.75,82,75,3.44
327,Turukhansk,RU,2022-07-14 15:54:15,65.8167,87.9833,51.58,75,73,5.95
328,Kavaratti,IN,2022-07-14 15:54:16,10.5669,72.642,81.46,84,96,21.65
329,South Daytona,US,2022-07-14 15:54:16,29.1658,-81.0045,89.1,98,100,1.01
330,Srednekolymsk,RU,2022-07-14 15:54:17,67.45,153.6833,50.34,52,100,10.4
331,Kurilsk,RU,2022-07-14 15:54:18,45.2333,147.8833,50.97,93,56,8.39
332,Nara,JP,2022-07-14 15:54:19,34.6851,135.8049,78.49,76,92,2.17
333,Dukat,RU,2022-07-14 15:51:33,62.55,155.55,55.81,84,54,5.44
334,Shakawe,BW,2022-07-14 15:54:21,-18.3667,21.85,69.46,24,0,5.23
335,Belgrade,RS,2022-07-14 15:51:30,44.804,20.4651,90.39,29,0,4.61
336,Petropavlovsk-Kamchatskiy,RU,2022-07-14 15:54:22,53.0452,158.6483,55.99,100,100,2.24
337,Berlevag,NO,2022-07-14 15:54:23,70.8578,29.0864,69.6,87,0,3.44
338,Pisco,PE,2022-07-14 15:54:23,-13.7,-76.2167,62.65,72,0,8.05
339,Agua Dulce,MX,2022-07-14 15:54:23,18.1333,-94.1333,82.26,76,98,6.71
340,Sierpc,PL,2022-07-14 15:54:24,52.8568,19.6691,73.94,31,3,13.53
341,Miraflores,MX,2022-07-14 15:54:24,19.2167,-98.8083,66.02,57,99,1.14
342,Zastron,ZA,2022-07-14 15:54:25,-30.3023,27.084,48.94,26,0,4.38
343,Saint-Paul,RE,2022-07-14 15:54:25,-21.0096,55.2707,71.71,76,53,2.01
344,Jiblah,YE,2022-07-14 15:54:26,13.9216,44.1467,65.41,75,100,10.87
345,Jiayuguan,CN,2022-07-14 15:52:13,39.8167,98.3,67.21,58,100,6.08
346,Klaksvik,FO,2022-07-14 15:54:26,62.2266,-6.589,52.72,80,69,13.71
347,Leh,IN,2022-07-14 15:54:27,34.1667,77.5833,62.55,57,87,9.01
348,Inirida,CO,2022-07-14 15:54:27,3.8653,-67.9239,84.27,74,90,1.95
349,Ratnagiri,IN,2022-07-14 15:54:28,16.9833,73.3,79.81,85,100,22.1
350,Dunedin,NZ,2022-07-14 15:54:28,-45.8742,170.5036,42.8,75,52,8.99
351,Nichinan,JP,2022-07-14 15:54:29,31.6,131.3667,79.59,91,58,9.28
352,Belaya Gora,RU,2022-07-14 15:54:30,68.5333,146.4167,49.53,84,59,4.07
353,Debre Sina,ET,2022-07-14 15:54:31,9.85,39.7667,56.55,83,99,5.75
354,Fasa,IR,2022-07-14 15:54:31,28.9383,53.6482,96.04,7,0,11.5
355,Lubbock,US,2022-07-14 15:54:33,33.6001,-101.8338,93.38,34,21,1.99
356,Miri,MY,2022-07-14 15:54:34,4.4148,114.0089,75.34,100,40,1.14
357,Olden,NO,2022-07-14 15:54:35,61.8364,6.8064,59.74,83,100,5.97
358,Laranjeiras Do Sul,BR,2022-07-14 15:53:43,-25.4078,-52.4161,67.86,68,99,9.26
359,Sakakah,SA,2022-07-14 15:50:08,29.9697,40.2064,105.37,13,0,16.8
360,Kokopo,PG,2022-07-14 15:54:37,-4.352,152.2633,77.56,85,100,11.25
361,Anadyr,RU,2022-07-14 15:54:38,64.75,177.4833,52.3,93,75,2.24
362,Dhidhdhoo,MV,2022-07-14 15:54:39,6.8833,73.1,82.42,82,58,14.99
363,Vyartsilya,RU,2022-07-14 15:54:39,62.1764,30.693,71.62,68,55,8.75
364,Vostok,RU,2022-07-14 15:54:40,46.4856,135.8833,58.75,93,100,5.17
365,Acapulco,MX,2022-07-14 15:54:27,16.8634,-99.8901,84.34,65,100,1.68
366,Wattegama,LK,2022-07-14 15:54:41,6.7989,81.4808,79.3,63,71,10.42
367,Vieques,PR,2022-07-14 15:49:54,18.425,-65.8329,90.66,66,40,18.41
368,Listvyanskiy,RU,2022-07-14 15:54:43,54.4399,83.4984,57.09,62,100,5.61
369,Salinopolis,BR,2022-07-14 15:50:37,-0.6136,-47.3561,83.32,74,23,13.85
370,Imeni Stepana Razina,RU,2022-07-14 15:55:44,54.8932,44.2963,69.96,80,88,2.17
371,Senneterre,CA,2022-07-14 15:55:45,48.3835,-77.2328,69.31,39,43,6.42
372,Basoko,CD,2022-07-14 15:55:45,1.2391,23.616,78.01,73,100,4.21
373,Linqu,CN,2022-07-14 15:55:46,36.5156,118.5397,78.78,87,95,2.98
374,Longyearbyen,SJ,2022-07-14 15:55:28,78.2186,15.6401,55.24,71,0,5.75
375,Cayenne,GF,2022-07-14 15:55:47,4.9333,-52.3333,86.04,1,75,6.91
376,Kieta,PG,2022-07-14 15:55:48,-6.2167,155.6333,77.79,85,80,5.59
377,Batak,BG,2022-07-14 15:55:49,41.95,24.2167,72.41,34,0,1.92
378,Buraydah,SA,2022-07-14 15:55:50,26.326,43.975,108.05,10,71,10.13
379,Alofi,NU,2022-07-14 15:55:50,-19.0595,-169.9187,75.09,78,93,10.36
380,Neuquen,AR,2022-07-14 15:51:42,-38.9516,-68.0591,40.89,75,75,4.61
381,Te Anau,NZ,2022-07-14 15:55:51,-45.4167,167.7167,31.5,94,56,0.47
382,Ahipara,NZ,2022-07-14 15:55:51,-35.1667,173.1667,55.15,88,85,10.13
383,Dmytrivka,UA,2022-07-14 15:55:52,45.9717,28.9864,86.58,28,69,7.83
384,North Bend,US,2022-07-14 15:55:53,43.4065,-124.2243,60.93,93,40,8.05
385,Prijepolje,RS,2022-07-14 15:55:53,43.3719,19.6406,79.61,38,6,3.91
386,Ponca City,US,2022-07-14 15:52:51,36.707,-97.0856,93.22,40,0,7.0
387,Le Port,RE,2022-07-14 15:55:54,-20.9373,55.2919,71.6,75,59,4.83
388,Yining,CN,2022-07-14 15:55:55,29.0361,114.5636,81.1,81,100,2.42
389,Valparaiso,CL,2022-07-14 15:55:51,-33.0393,-71.6273,56.84,84,75,11.5
390,Saint-Donat-De-Montcalm,CA,2022-07-14 15:55:56,46.3187,-74.2219,64.83,78,98,5.44
391,Yalvac,TR,2022-07-14 15:55:57,38.2956,31.1778,77.52,38,0,15.39
392,Lagos,NG,2022-07-14 15:55:59,6.5833,3.75,86.32,90,100,7.11
393,Nago,JP,2022-07-14 15:55:59,26.5881,127.9761,85.05,91,100,8.23
394,Porbandar,IN,2022-07-14 15:56:00,21.6422,69.6093,80.58,94,75,6.91
395,Morondava,MG,2022-07-14 15:56:01,-20.2833,44.2833,74.59,65,0,16.49
396,Sines,PT,2022-07-14 15:56:01,37.9562,-8.8698,78.3,64,41,10.38
397,Reconquista,AR,2022-07-14 15:56:02,-29.15,-59.65,69.08,70,81,10.92
398,Montepuez,MZ,2022-07-14 15:53:01,-13.1256,38.9997,71.53,50,68,6.78
399,Pak Phanang,TH,2022-07-14 15:56:03,8.3511,100.202,78.21,83,97,7.72
400,San Jeronimo,PE,2022-07-14 15:56:04,-11.9472,-75.2829,58.6,47,22,2.84
401,Avera,US,2022-07-14 15:56:05,33.194,-82.5271,81.91,54,87,7.43
402,Mortara,IT,2022-07-14 15:56:05,45.2473,8.7355,99.18,20,29,5.21
403,Thoen,TH,2022-07-14 15:56:06,17.6129,99.2161,75.52,98,100,1.99
404,Rinteln,DE,2022-07-14 15:56:07,52.186,9.0792,74.19,42,40,14.97
405,Port-Cartier,CA,2022-07-14 15:56:07,50.0334,-66.8654,62.82,53,61,8.21
406,Imbituba,BR,2022-07-14 15:56:08,-28.24,-48.6703,63.86,99,99,15.99
407,Svetlogorsk,BY,2022-07-14 15:56:09,52.6333,29.7333,70.2,61,3,12.5
408,Teguldet,RU,2022-07-14 15:56:12,57.3064,88.1667,54.5,70,98,3.13
409,San Matias,BO,2022-07-14 15:56:13,-16.3667,-58.4,95.02,21,97,10.09
410,Ravar,IR,2022-07-14 15:56:13,31.2656,56.8055,87.49,12,0,9.57
411,Palana,RU,2022-07-14 15:56:14,59.1167,159.9667,50.22,90,86,6.31
412,Benguela,AO,2022-07-14 15:56:15,-12.5763,13.4055,72.36,76,6,6.51
413,Manavalakurichi,IN,2022-07-14 15:56:15,8.1333,77.3,78.51,84,64,15.19
414,Sohag,EG,2022-07-14 15:56:16,26.557,31.6948,95.29,15,18,17.87
415,Galeana,MX,2022-07-14 15:56:17,24.8333,-100.0667,72.82,49,13,6.98
416,Kodinsk,RU,2022-07-14 15:56:18,58.6881,99.1844,51.8,74,69,2.53
417,Guerrero Negro,MX,2022-07-14 15:51:32,27.9769,-114.0611,68.76,73,24,13.4
418,Patacamaya,BO,2022-07-14 15:57:18,-17.2333,-67.9167,54.3,23,30,10.85
419,Arica,CL,2022-07-14 15:57:19,-18.475,-70.3042,62.83,63,100,5.75
420,Port Keats,AU,2022-07-14 15:57:00,-14.25,129.55,61.23,32,3,9.15
421,Luderitz,NA,2022-07-14 15:57:22,-26.6481,15.1594,66.34,48,0,16.24
422,Hinton,CA,2022-07-14 15:57:23,53.4001,-117.5857,61.0,45,100,3.4
423,Erzin,TR,2022-07-14 15:57:24,36.9559,36.2,81.25,69,0,10.63
424,Bud,US,2022-07-14 15:57:24,39.447,-86.1758,81.82,61,0,5.23
425,Kataysk,RU,2022-07-14 15:57:24,56.289,62.5841,75.27,73,0,4.05
426,Nome,US,2022-07-14 15:57:26,64.5011,-165.4064,48.27,100,100,0.0
427,Carauari,BR,2022-07-14 15:57:26,-4.8828,-66.8958,90.64,50,42,3.02
428,Marovoay,MG,2022-07-14 15:57:28,-16.1,46.6333,76.86,43,0,5.26
429,Sechura,PE,2022-07-14 15:57:29,-5.5569,-80.8222,70.61,61,66,13.85
430,Innisfail,AU,2022-07-14 15:57:30,-17.5333,146.0333,55.33,69,44,6.78
431,Inongo,CD,2022-07-14 15:56:42,-1.95,18.2667,77.72,46,90,1.81
432,Nikki,BJ,2022-07-14 15:57:31,9.9401,3.2108,86.5,55,82,9.57
433,Kansanshi,ZM,2022-07-14 15:57:32,-12.0951,26.4273,67.15,38,36,3.2
434,Pangnirtung,CA,2022-07-14 15:57:33,66.1451,-65.7125,48.2,87,20,11.5
435,Langsa,ID,2022-07-14 15:57:35,4.4683,97.9683,75.02,96,68,2.01
436,Alvorada,BR,2022-07-14 15:57:35,-12.48,-49.1247,94.23,25,15,10.07
437,Jumla,NP,2022-07-14 15:57:36,29.2747,82.1838,65.16,86,100,1.77
438,Baoqing,CN,2022-07-14 15:57:36,46.3317,132.2111,65.07,98,100,8.21
439,Norman Wells,CA,2022-07-14 15:57:37,65.282,-126.8329,48.24,93,100,10.36
440,Plettenberg Bay,ZA,2022-07-14 15:57:37,-34.0527,23.3716,56.41,83,85,7.16
441,Galle,LK,2022-07-14 15:57:40,6.0367,80.217,78.48,88,23,12.17
442,San Pedro,PH,2022-07-14 15:57:40,14.35,121.0167,82.35,87,40,3.44
443,Fort Nelson,CA,2022-07-14 15:57:40,58.8053,-122.7002,54.99,71,40,5.75
444,Baghmara,IN,2022-07-14 15:57:42,23.795,86.2085,82.67,75,99,10.71
445,Alekseyevsk,RU,2022-07-14 15:57:42,57.8406,108.3492,55.22,91,100,2.48
446,Minot,US,2022-07-14 15:53:24,48.2325,-101.2963,72.81,78,0,4.61
447,Elizabeth City,US,2022-07-14 15:57:43,36.2946,-76.2511,84.0,78,75,6.91
448,Scandiano,IT,2022-07-14 15:57:44,44.5965,10.6907,96.13,26,19,3.0
449,Cap Malheureux,MU,2022-07-14 15:57:11,-19.9842,57.6142,70.47,70,49,5.99
450,Riberalta,BO,2022-07-14 15:57:46,-10.9833,-66.1,80.8,74,89,4.61
451,Gayny,RU,2022-07-14 15:57:46,60.3071,54.3241,67.33,98,100,4.74
452,Sorong,ID,2022-07-14 15:55:48,-0.8833,131.25,77.4,89,100,6.06
453,Chapais,CA,2022-07-14 15:57:48,49.7834,-74.8492,69.58,35,69,7.14
454,Xuzhou,CN,2022-07-14 15:57:49,34.1805,117.1571,82.99,87,92,3.27
455,Wajima,JP,2022-07-14 15:57:51,37.4,136.9,74.95,92,99,8.25
456,Lavrentiya,RU,2022-07-14 15:57:51,65.5833,-171.0,48.34,70,100,4.99
457,Fagetelu,RO,2022-07-14 15:57:52,44.7833,24.5333,87.06,23,13,5.37
458,Daru,PG,2022-07-14 15:57:53,-9.0763,143.2092,74.46,82,100,16.89
459,Taywarah,AF,2022-07-14 15:57:53,33.35,64.4167,65.64,14,49,8.34
460,Adrar,MR,2022-07-14 15:57:54,20.5022,-10.0711,108.54,13,7,6.4
461,Saint-Georges,GD,2022-07-14 15:57:54,12.0564,-61.7485,85.68,70,20,14.97
462,Athabasca,CA,2022-07-14 15:58:55,54.7169,-113.2854,61.21,65,44,12.06
463,Zapolyarnyy,RU,2022-07-14 15:58:58,69.4154,30.8136,61.88,91,100,6.33
464,Birjand,IR,2022-07-14 15:54:12,32.8663,59.2211,82.87,11,0,21.85
465,Save,BJ,2022-07-14 15:58:59,8.0425,2.486,82.15,71,89,8.16
466,Uyuni,BO,2022-07-14 15:59:00,-20.4597,-66.825,44.42,9,0,21.12
467,Machico,PT,2022-07-14 15:56:54,32.7,-16.7667,80.71,68,75,4.61
468,Gilbues,BR,2022-07-14 15:59:00,-9.8317,-45.3439,91.58,30,6,10.6
469,Miramar,US,2022-07-14 15:59:01,25.9873,-80.2323,93.22,64,41,7.0
470,Naron,ES,2022-07-14 15:59:01,43.5167,-8.1528,92.25,46,99,8.88
471,Talnakh,RU,2022-07-14 15:59:02,69.4865,88.3972,58.21,63,100,3.42
472,Santa Isabel,BR,2022-07-14 15:59:03,-23.3156,-46.2214,72.7,48,24,4.29
473,Panambi,BR,2022-07-14 15:56:10,-28.2925,-53.5017,64.27,91,100,11.56
474,Encheng,CN,2022-07-14 15:59:04,22.1839,112.3026,79.99,90,96,2.26
475,Batos,RO,2022-07-14 15:59:04,46.8833,24.6667,82.09,37,31,0.98
476,Caucaia,BR,2022-07-14 15:59:06,-3.7361,-38.6531,87.31,62,40,17.27
477,Okakarara,NA,2022-07-14 15:59:06,-20.5833,17.4333,68.36,21,0,7.58
478,Sao Sebastiao,BR,2022-07-14 15:59:07,-23.76,-45.4097,70.92,92,79,8.72
479,Clinton,US,2022-07-14 15:54:54,42.587,-82.9199,77.99,61,0,1.99
480,Alpena,US,2022-07-14 15:59:08,45.0617,-83.4327,73.11,56,5,1.99
481,Henties Bay,NA,2022-07-14 15:54:13,-22.116,14.2845,61.09,71,0,9.19
482,Langres,FR,2022-07-14 15:59:09,47.8333,5.3333,87.67,19,64,14.16
483,Nemuro,JP,2022-07-14 15:59:10,43.3236,145.575,59.72,90,100,10.71
484,Ciudad Bolivar,VE,2022-07-14 15:59:10,8.1222,-63.5497,87.3,54,25,6.85
485,Jilove,CZ,2022-07-14 15:59:11,50.7608,14.1038,70.9,90,100,5.37
486,Sokolo,ML,2022-07-14 15:59:12,14.7328,-6.1219,97.68,26,96,0.87
487,Agadir,MA,2022-07-14 15:58:01,30.4202,-9.5982,86.45,49,12,9.24
488,Dicabisagan,PH,2022-07-14 15:59:13,17.0818,122.4157,80.74,87,67,6.31
489,Yeppoon,AU,2022-07-14 15:59:14,-23.1333,150.7333,47.98,68,0,6.24
490,Rasra,IN,2022-07-14 15:59:15,25.85,83.85,96.78,42,71,14.36
491,Nizwa,OM,2022-07-14 15:59:16,22.9333,57.5333,90.81,49,96,6.71
492,Parkersburg,US,2022-07-14 15:59:17,39.2667,-81.5615,79.54,68,3,4.61
493,Timra,SE,2022-07-14 15:59:18,62.487,17.3257,56.88,67,100,16.11
494,Maragogi,BR,2022-07-14 15:59:19,-9.0122,-35.2225,79.48,62,1,10.69
495,Kathu,TH,2022-07-14 15:59:19,7.9178,98.3332,84.69,99,100,13.69
496,Mareeba,AU,2022-07-14 15:59:21,-17.0,145.4333,48.92,87,57,1.99
497,Aklavik,CA,2022-07-14 15:59:21,68.2191,-135.0107,41.0,81,100,12.66
498,Puerto Ayacucho,VE,2022-07-14 15:59:22,5.6639,-67.6236,85.17,69,64,1.3
499,Borodino,RU,2022-07-14 15:59:22,55.9106,94.8983,52.2,70,90,1.43
500,Pozega,HR,2022-07-14 15:59:22,45.3403,17.6853,94.77,30,84,4.41
501,Blackwater,AU,2022-07-14 15:58:02,-23.5833,148.8833,46.31,63,0,7.78
502,Nehe,CN,2022-07-14 15:59:23,48.4833,124.8333,65.75,96,79,8.28
503,Tangier,MA,2022-07-14 15:58:38,35.7806,-5.8137,96.15,23,0,27.63
504,Markova,UA,2022-07-14 15:59:24,48.6758,24.4138,74.25,50,72,3.36
505,Tado,CO,2022-07-14 15:59:25,5.266,-76.5649,80.42,74,87,3.56
506,Kruisfontein,ZA,2022-07-14 15:55:34,-34.0033,24.7314,55.89,85,26,11.03
507,Mogadishu,SO,2022-07-14 15:55:10,2.0371,45.3438,77.34,85,38,13.89
508,Marsh Harbour,BS,2022-07-14 15:54:28,26.5412,-77.0636,83.64,64,4,13.35
509,Houston,US,2022-07-14 15:57:07,29.7633,-95.3633,93.34,65,20,4.0
510,Dakar,SN,2022-07-14 15:59:27,14.6937,-17.4441,95.88,62,20,6.91
511,Muriwai Beach,NZ,2022-07-14 15:57:56,-36.8167,174.45,52.77,96,100,11.65
512,Beringovskiy,RU,2022-07-14 16:00:28,63.05,179.3167,46.81,98,100,6.29
513,Normandin,CA,2022-07-14 16:00:28,48.8333,-72.5321,70.43,48,100,3.4
514,Assiniboia,CA,2022-07-14 16:00:30,49.6334,-105.9845,76.86,52,42,5.08
515,Llanes,ES,2022-07-14 16:00:30,43.4198,-4.7549,80.35,65,6,7.61
516,Alibag,IN,2022-07-14 16:00:31,18.6411,72.8792,80.67,87,100,24.94
517,Steamboat Springs,US,2022-07-14 15:56:32,40.485,-106.8317,74.93,55,0,1.01
518,Sao Jose Da Coroa Grande,BR,2022-07-14 16:00:21,-8.8978,-35.1478,80.01,60,2,10.87
519,Nantucket,US,2022-07-14 15:59:10,41.2835,-70.0995,79.09,90,75,10.36
520,Kadingilan,PH,2022-07-14 16:00:33,7.6011,124.9086,72.12,94,63,2.17
521,Aksu,CN,2022-07-14 15:59:19,41.1231,80.2644,79.5,27,71,6.2
522,Semporna,MY,2022-07-14 16:00:36,4.4818,118.6112,78.01,86,100,8.41
523,Semey,KZ,2022-07-14 16:00:36,50.4111,80.2275,67.5,46,43,7.27
524,Stade,DE,2022-07-14 16:00:37,53.6,9.4833,66.97,59,93,15.61
525,Hailar,CN,2022-07-14 16:00:37,49.2,119.7,61.34,94,100,7.07
526,Bathurst,AU,2022-07-14 15:59:45,-33.4166,149.5806,34.83,96,0,1.72
527,Lampazos De Naranjo,MX,2022-07-14 16:00:38,27.0167,-100.5167,89.37,45,21,6.15
528,Fruitvale,US,2022-07-14 16:00:39,39.0817,-108.4968,89.91,32,0,8.05
529,Vuktyl,RU,2022-07-14 16:00:39,63.8567,57.3094,77.4,59,18,15.35
530,Zeya,RU,2022-07-14 16:00:40,53.75,127.2667,68.11,74,79,4.03
531,Soure,BR,2022-07-14 16:00:40,-0.7167,-48.5233,83.61,72,55,10.31
532,Milkovo,RU,2022-07-14 16:00:41,54.7167,158.6167,59.86,74,36,0.45
533,Arvika,SE,2022-07-14 16:00:41,59.6553,12.5852,56.01,57,94,8.84
534,Luanda,AO,2022-07-14 15:55:49,-8.8368,13.2343,73.4,78,0,10.36
535,Canto Do Buriti,BR,2022-07-14 16:00:42,-8.11,-42.9444,92.77,29,4,10.71
536,Sioux Lookout,CA,2022-07-14 16:00:42,50.1001,-91.917,74.71,41,51,9.55
537,Bom Jesus,BR,2022-07-14 16:00:43,-9.0744,-44.3586,95.14,26,8,10.2
538,Poptun,GT,2022-07-14 15:58:51,16.3311,-89.4169,81.03,67,100,4.54
539,Mata,PT,2022-07-14 15:57:10,40.683,-7.4592,101.93,9,80,11.92
540,Gao,ML,2022-07-14 16:00:45,16.6362,1.637,100.69,25,19,7.65
541,Matehuala,MX,2022-07-14 15:56:08,23.65,-100.65,73.54,44,62,4.9
542,Gitarama,RW,2022-07-14 16:00:47,-2.0744,29.7567,72.86,49,38,2.48
543,Mackay,AU,2022-07-14 16:00:48,-21.15,149.2,54.48,61,9,15.08
544,San Borja,BO,2022-07-14 16:00:49,-14.8167,-66.85,83.35,57,99,6.51
545,Marrakesh,MA,2022-07-14 16:00:50,31.6315,-8.0083,113.07,14,40,9.22
546,Sur,OM,2022-07-14 16:00:51,22.5667,59.5289,91.65,56,98,5.53
547,Dongsheng,CN,2022-07-14 16:00:30,39.8161,109.9776,72.41,53,94,11.9
548,Celestun,MX,2022-07-14 16:00:52,20.8667,-90.4,87.03,60,100,8.12
549,Aykhal,RU,2022-07-14 15:57:02,66.0,111.5,51.44,67,100,7.11
550,Manaure,CO,2022-07-14 16:00:52,11.7751,-72.4445,88.7,46,32,21.9
551,Kannauj,IN,2022-07-14 16:00:53,27.0546,79.922,98.64,34,18,13.22
552,Nuuk,GL,2022-07-14 16:00:54,64.1835,-51.7216,56.01,54,20,8.05
553,Pasni,PK,2022-07-14 16:00:41,25.2631,63.471,84.54,86,75,7.7
554,Solton,RU,2022-07-14 16:00:55,52.8429,86.4787,50.85,74,94,2.28
555,Radomir,BG,2022-07-14 16:00:55,42.5444,22.9578,80.87,24,2,9.64
556,Trujillo,PE,2022-07-14 15:59:54,-8.116,-79.03,58.96,94,75,9.22
557,Vila,PT,2022-07-14 16:00:56,42.0304,-8.1588,77.88,19,99,3.51
558,Homer,US,2022-07-14 16:00:14,59.6425,-151.5483,56.05,86,100,3.0
559,Lanzhou,CN,2022-07-14 16:00:08,36.0564,103.7922,75.25,75,96,3.44
560,Necochea,AR,2022-07-14 16:01:58,-38.5473,-58.7368,54.9,59,100,12.35
561,Pimentel,PE,2022-07-14 16:02:00,-6.8367,-79.9342,65.48,74,84,14.94
562,Ronneby,SE,2022-07-14 16:02:01,56.21,15.276,61.3,77,100,8.05
563,Seoul,KR,2022-07-14 15:59:20,37.5683,126.9778,73.0,91,40,3.44
564,Ulaangom,MN,2022-07-14 16:02:02,49.9811,92.0667,51.76,73,100,3.62
